x,y,MIN_REL_HUMIDITY,LOCAL_YEAR,HEATING_DEGREE_DAYS_FLAG,DIRECTION_MAX_GUST_FLAG,COOLING_DEGREE_DAYS_FLAG,DIRECTION_MAX_GUST,SNOW_ON_GROUND,LOCAL_MONTH,STATION_NAME,TOTAL_SNOW_FLAG,LOCAL_DAY,MIN_REL_HUMIDITY_FLAG,ID,CLIMATE_IDENTIFIER,SNOW_ON_GROUND_FLAG,MIN_TEMPERATURE,SPEED_MAX_GUST,MAX_REL_HUMIDITY_FLAG,HEATING_DEGREE_DAYS,TOTAL_RAIN_FLAG,MIN_TEMPERATURE_FLAG,PROVINCE_CODE,TOTAL_PRECIPITATION_FLAG,SPEED_MAX_GUST_FLAG,MEAN_TEMPERATURE_FLAG,TOTAL_RAIN,TOTAL_SNOW,MAX_TEMPERATURE_FLAG,COOLING_DEGREE_DAYS,TOTAL_PRECIPITATION,MAX_TEMPERATURE,MEAN_TEMPERATURE,LOCAL_DATE,MAX_REL_HUMIDITY
-79.4,43.666666666666664,,2015,,,,,0,1,TORONTO,,1,,6158350.2015.1.1,6158350,,,,,,,,ON,,,,0,0,,,0,,,2015-01-01 00:00:00,
-79.4,43.666666666666664,,2015,,,,,0,1,TORONTO,,2,,6158350.2015.1.2,6158350,,,,,,,,ON,,,,0,0,,,0,,,2015-01-02 00:00:00,
-79.4,43.666666666666664,,2015,,,,,0,1,TORONTO,,3,,6158350.2015.1.3,6158350,,,,,,,,ON,,,,8,5.4,,,13.8,,,2015-01-03 00:00:00,
-79.4,43.666666666666664,,2015,,,,,0,1,TORONTO,,4,,6158350.2015.1.4,6158350,,,,,,,,ON,,,,4.2,1.5,,,5.6,,,2015-01-04 00:00:00,
-79.4,43.666666666666664,,2015,,,,,2,1,TORONTO,,5,,6158350.2015.1.5,6158350,,,,,,,,ON,,,,0,0,,,0,,,2015-01-05 00:00:00,
-79.4,43.666666666666664,,2015,,,,,2,1,TORONTO,,6,,6158350.2015.1.6,6158350,,,,,,,,ON,,,,0,0.6,,,0.5,,,2015-01-06 00:00:00,
-79.4,43.666666666666664,,2015,,,,,1,1,TORONTO,,7,,6158350.2015.1.7,6158350,,,,,,,,ON,,,,0,0,,,0,,,2015-01-07 00:00:00,
-79.4,43.666666666666664,,2015,,,,,1,1,TORONTO,,8,,6158350.2015.1.8,6158350,,,,,,,,ON,,,,0,2.4,,,1.2,,,2015-01-08 00:00:00,
-79.4,43.666666666666664,,2015,,,,,3,1,TORONTO,,9,,6158350.2015.1.9,6158350,,,,,,,,ON,,,,0,1,,,1.9,,,2015-01-09 00:00:00,
-79.4,43.666666666666664,,2015,,,,,3,1,TORONTO,,10,,6158350.2015.1.10,6158350,,,,,,,,ON,,,,0,0,,,0,,,2015-01-10 00:00:00,
-79.4,43.666666666666664,,2015,,,,,2,1,TORONTO,,11,,6158350.2015.1.11,6158350,,,,,,,,ON,,,,0,2,,,1.8,,,2015-01-11 00:00:00,
-79.4,43.666666666666664,,2015,,,,,3,1,TORONTO,T,12,,6158350.2015.1.12,6158350,,,,,,,,ON,,,,0,0,,,0.6,,,2015-01-12 00:00:00,
-79.4,43.666666666666664,,2015,,,,,3,1,TORONTO,,13,,6158350.2015.1.13,6158350,,,,,,,,ON,,,,0,0,,,0,,,2015-01-13 00:00:00,
-79.4,43.666666666666664,,2015,,,,,2,1,TORONTO,,14,,6158350.2015.1.14,6158350,,,,,,,,ON,,,,0,0,,,0,,,2015-01-14 00:00:00,
-79.4,43.666666666666664,,2015,,,,,2,1,TORONTO,,15,,6158350.2015.1.15,6158350,,,,,,,,ON,,,,0,0,,,0,,,2015-01-15 00:00:00,
-79.4,43.666666666666664,,2015,,,,,1,1,TORONTO,,16,,6158350.2015.1.16,6158350,,,,,,,,ON,,,,0,0,,,0,,,2015-01-16 00:00:00,
-79.4,43.666666666666664,,2015,,,,,0,1,TORONTO,,17,,6158350.2015.1.17,6158350,T,,,,,T,,ON,T,,,0,0,,,0,,,2015-01-17 00:00:00,
-79.4,43.666666666666664,,2015,,,,,0,1,TORONTO,,18,,6158350.2015.1.18,6158350,,,,,,,,ON,,,,2.2,0,,,2.2,,,2015-01-18 00:00:00,
-79.4,43.666666666666664,,2015,,,,,0,1,TORONTO,,19,,6158350.2015.1.19,6158350,,,,,,,,ON,,,,0,0,,,0,,,2015-01-19 00:00:00,
-79.4,43.666666666666664,,2015,,,,,0,1,TORONTO,,20,,6158350.2015.1.20,6158350,,,,,,,,ON,,,,0,0,,,0,,,2015-01-20 00:00:00,
-79.4,43.666666666666664,,2015,,,,,0,1,TORONTO,,21,,6158350.2015.1.21,6158350,,,,,,,,ON,,,,0,0,,,0,,,2015-01-21 00:00:00,
-79.4,43.666666666666664,,2015,,,,,0,1,TORONTO,,22,,6158350.2015.1.22,6158350,,,,,,,,ON,,,,0,0,,,0,,,2015-01-22 00:00:00,
-79.4,43.666666666666664,,2015,,,,,0,1,TORONTO,T,23,,6158350.2015.1.23,6158350,,,,,,,,ON,T,,,0,0,,,0,,,2015-01-23 00:00:00,
-79.4,43.666666666666664,,2015,,,,,0,1,TORONTO,T,24,,6158350.2015.1.24,6158350,T,,,,,,,ON,T,,,0,0,,,0,,,2015-01-24 00:00:00,
-79.4,43.666666666666664,,2015,,,,,0,1,TORONTO,,25,,6158350.2015.1.25,6158350,,,,,,,,ON,,,,0,1,,,0.6,,,2015-01-25 00:00:00,
-79.4,43.666666666666664,,2015,,,,,1,1,TORONTO,T,26,,6158350.2015.1.26,6158350,,,,,,,,ON,T,,,0,0,,,0,,,2015-01-26 00:00:00,
-79.4,43.666666666666664,,2015,,,,,0,1,TORONTO,,27,,6158350.2015.1.27,6158350,T,,,,,,,ON,,,,0,0,,,0,,,2015-01-27 00:00:00,
-79.4,43.666666666666664,,2015,,,,,0,1,TORONTO,,28,,6158350.2015.1.28,6158350,,,,,,,,ON,,,,0,0,,,0,,,2015-01-28 00:00:00,
-79.4,43.666666666666664,,2015,,,,,0,1,TORONTO,,29,,6158350.2015.1.29,6158350,,,,,,,,ON,,,,0,7,,,8.2,,,2015-01-29 00:00:00,
-79.4,43.666666666666664,,2015,,,,,7,1,TORONTO,T,30,,6158350.2015.1.30,6158350,,,,,,,,ON,T,,,0,0,,,0,,,2015-01-30 00:00:00,
-79.4,43.666666666666664,,2015,,,,,7,1,TORONTO,T,31,,6158350.2015.1.31,6158350,,,,,,,,ON,T,,,0,0,,,0,,,2015-01-31 00:00:00,
-79.4,43.666666666666664,,2015,,,,,7,2,TORONTO,,1,,6158350.2015.2.1,6158350,,,,,,,,ON,,,,0,16,,,14,,,2015-02-01 00:00:00,
-79.4,43.666666666666664,,2015,,,,,21,2,TORONTO,,2,,6158350.2015.2.2,6158350,,,,,,,,ON,,,,0,2,,,1.8,,,2015-02-02 00:00:00,
-79.4,43.666666666666664,,2015,,,,,20,2,TORONTO,,3,,6158350.2015.2.3,6158350,,,,,,,,ON,,,,0,1,,,0.8,,,2015-02-03 00:00:00,
-79.4,43.666666666666664,,2015,,,,,19,2,TORONTO,,4,,6158350.2015.2.4,6158350,,,,,,,,ON,,,,0,0,,,0,,,2015-02-04 00:00:00,
-79.4,43.666666666666664,,2015,,,,,19,2,TORONTO,,5,,6158350.2015.2.5,6158350,,,,,,,,ON,,,,0,0,,,0,,,2015-02-05 00:00:00,
-79.4,43.666666666666664,,2015,,,,,18,2,TORONTO,,6,,6158350.2015.2.6,6158350,,,,,,,,ON,,,,0,2,,,2.8,,,2015-02-06 00:00:00,
-79.4,43.666666666666664,,2015,,,,,19,2,TORONTO,,7,,6158350.2015.2.7,6158350,,,,,,,,ON,,,,0,5,,,6.8,,,2015-02-07 00:00:00,
-79.4,43.666666666666664,,2015,,,,,23,2,TORONTO,,8,,6158350.2015.2.8,6158350,,,,,,,,ON,,,,0,0.5,,,0.2,,,2015-02-08 00:00:00,
-79.4,43.666666666666664,,2015,,,,,22,2,TORONTO,,9,,6158350.2015.2.9,6158350,,,,,,,,ON,,,,0,0,,,0,,,2015-02-09 00:00:00,
-79.4,43.666666666666664,,2015,,,,,21,2,TORONTO,,10,,6158350.2015.2.10,6158350,,,,,,,,ON,,,,0,0,,,0,,,2015-02-10 00:00:00,
-79.4,43.666666666666664,,2015,,,,,19,2,TORONTO,,11,,6158350.2015.2.11,6158350,,,,,,,,ON,,,,0,2.5,,,2.1,,,2015-02-11 00:00:00,
-79.4,43.666666666666664,,2015,,,,,20,2,TORONTO,,12,,6158350.2015.2.12,6158350,,,,,,,,ON,,,,0,0,,,0,,,2015-02-12 00:00:00,
-79.4,43.666666666666664,,2015,,,,,18,2,TORONTO,,13,,6158350.2015.2.13,6158350,,,,,,,,ON,,,,0,0.5,,,1.8,,,2015-02-13 00:00:00,
-79.4,43.666666666666664,,2015,,,,,17,2,TORONTO,,14,,6158350.2015.2.14,6158350,,,,,,,,ON,,,,0,0,,,0,,,2015-02-14 00:00:00,
-79.4,43.666666666666664,,2015,,,,,17,2,TORONTO,,15,,6158350.2015.2.15,6158350,,,,,,,,ON,,,,0,0,,,0,,,2015-02-15 00:00:00,
-79.4,43.666666666666664,,2015,,,,,17,2,TORONTO,,16,,6158350.2015.2.16,6158350,,,,,,,,ON,,,,0,0,,,0,,,2015-02-16 00:00:00,
-79.4,43.666666666666664,,2015,,,,,17,2,TORONTO,,17,,6158350.2015.2.17,6158350,,,,,,,,ON,,,,0,0.8,,,0.4,,,2015-02-17 00:00:00,
-79.4,43.666666666666664,,2015,,,,,18,2,TORONTO,,18,,6158350.2015.2.18,6158350,,,,,,,,ON,,,,0,1,,,0.6,,,2015-02-18 00:00:00,
-79.4,43.666666666666664,,2015,,,,,18,2,TORONTO,,19,,6158350.2015.2.19,6158350,,,,,,,,ON,,,,0,0,,,0,,,2015-02-19 00:00:00,
-79.4,43.666666666666664,,2015,,,,,18,2,TORONTO,,20,,6158350.2015.2.20,6158350,,,,,,,,ON,,,,0,8,,,5.2,,,2015-02-20 00:00:00,
-79.4,43.666666666666664,,2015,,,,,26,2,TORONTO,,21,,6158350.2015.2.21,6158350,,,,,,,,ON,,,,0,3.6,,,3.6,,,2015-02-21 00:00:00,
-79.4,43.666666666666664,,2015,,,,,27,2,TORONTO,T,22,,6158350.2015.2.22,6158350,,,,,,,,ON,T,,,0,0,,,0,,,2015-02-22 00:00:00,
-79.4,43.666666666666664,,2015,,,,,27,2,TORONTO,,23,,6158350.2015.2.23,6158350,,,,,,,,ON,,,,0,0,,,0,,,2015-02-23 00:00:00,
-79.4,43.666666666666664,,2015,,,,,27,2,TORONTO,,24,,6158350.2015.2.24,6158350,,,,,,,,ON,,,,0,1.8,,,1.5,,,2015-02-24 00:00:00,
-79.4,43.666666666666664,,2015,,,,,28,2,TORONTO,,25,,6158350.2015.2.25,6158350,,,,,,,,ON,,,,0,0,,,0,,,2015-02-25 00:00:00,
-79.4,43.666666666666664,,2015,,,,,28,2,TORONTO,,26,,6158350.2015.2.26,6158350,,,,,,,,ON,,,,0,0,,,0,,,2015-02-26 00:00:00,
-79.4,43.666666666666664,,2015,,,,,26,2,TORONTO,,27,,6158350.2015.2.27,6158350,,,,,,,,ON,,,,0,0,,,0,,,2015-02-27 00:00:00,
-79.4,43.666666666666664,,2015,,,,,24,2,TORONTO,T,28,,6158350.2015.2.28,6158350,,,,,,,,ON,T,,,0,0,,,0,,,2015-02-28 00:00:00,
-79.4,43.666666666666664,,2015,,,,,23,3,TORONTO,,1,,6158350.2015.3.1,6158350,,,,,,,,ON,,,,0,0,,,0,,,2015-03-01 00:00:00,
-79.4,43.666666666666664,,2015,,,,,22,3,TORONTO,,2,,6158350.2015.3.2,6158350,,,,,,,,ON,,,,0,0.5,,,0.4,,,2015-03-02 00:00:00,
-79.4,43.666666666666664,,2015,,,,,22,3,TORONTO,,3,,6158350.2015.3.3,6158350,,,,,,,,ON,,,,0.3,5,,,6.4,,,2015-03-03 00:00:00,
-79.4,43.666666666666664,,2015,,,,,25,3,TORONTO,T,4,,6158350.2015.3.4,6158350,,,,,,,,ON,T,,,0,0,,,0,,,2015-03-04 00:00:00,
-79.4,43.666666666666664,,2015,,,,,25,3,TORONTO,,5,,6158350.2015.3.5,6158350,,,,,,,,ON,,,,0,0,,,0,,,2015-03-05 00:00:00,
-79.4,43.666666666666664,,2015,,,,,24,3,TORONTO,,6,,6158350.2015.3.6,6158350,,,,,,,,ON,,,,0,0,,,0,,,2015-03-06 00:00:00,
-79.4,43.666666666666664,,2015,,,,,23,3,TORONTO,T,7,,6158350.2015.3.7,6158350,,,,,,,,ON,T,,,0,0,,,0,,,2015-03-07 00:00:00,
-79.4,43.666666666666664,,2015,,,,,23,3,TORONTO,,8,,6158350.2015.3.8,6158350,,,,,,,,ON,,,,0,0,,,0,,,2015-03-08 00:00:00,
-79.4,43.666666666666664,,2015,,,,,21,3,TORONTO,,9,,6158350.2015.3.9,6158350,,,,,,,,ON,,,,0,0,,,0,,,2015-03-09 00:00:00,
-79.4,43.666666666666664,,2015,,,,,19,3,TORONTO,,10,,6158350.2015.3.10,6158350,,,,,,,,ON,,,,0,0,,,0,,,2015-03-10 00:00:00,
-79.4,43.666666666666664,,2015,,,,,16,3,TORONTO,,11,,6158350.2015.3.11,6158350,,,,,,,,ON,,,,0,0,,,0,,,2015-03-11 00:00:00,
-79.4,43.666666666666664,,2015,,,,,13,3,TORONTO,,12,,6158350.2015.3.12,6158350,,,,,,,,ON,,,,0,0,,,0,,,2015-03-12 00:00:00,
-79.4,43.666666666666664,,2015,,,,,10,3,TORONTO,,13,,6158350.2015.3.13,6158350,,,,,,,,ON,,,,0.4,0,,,0.4,,,2015-03-13 00:00:00,
-79.4,43.666666666666664,,2015,,,,,7,3,TORONTO,,14,,6158350.2015.3.14,6158350,,,,,,,,ON,,,,0,0,,,0,,,2015-03-14 00:00:00,
-79.4,43.666666666666664,,2015,,,,,4,3,TORONTO,,15,,6158350.2015.3.15,6158350,,,,,,,,ON,,,,0,0,,,0,,,2015-03-15 00:00:00,
-79.4,43.666666666666664,,2015,,,,,3,3,TORONTO,,16,,6158350.2015.3.16,6158350,,,,,,,,ON,,,,3.1,0,,,3.1,,,2015-03-16 00:00:00,
-79.4,43.666666666666664,,2015,,,,,0,3,TORONTO,,17,,6158350.2015.3.17,6158350,T,,,,,,,ON,,,,0,0,,,0,,,2015-03-17 00:00:00,
-79.4,43.666666666666664,,2015,,,,,0,3,TORONTO,,18,,6158350.2015.3.18,6158350,T,,,,,,,ON,,,,0,0,,,0,,,2015-03-18 00:00:00,
-79.4,43.666666666666664,,2015,,,,,0,3,TORONTO,,19,,6158350.2015.3.19,6158350,,,,,,,,ON,,,,0,0,,,0,,,2015-03-19 00:00:00,
-79.4,43.666666666666664,,2015,,,,,0,3,TORONTO,,20,,6158350.2015.3.20,6158350,,,,,,,,ON,,,,4.4,0,,,4.4,,,2015-03-20 00:00:00,
-79.4,43.666666666666664,,2015,,,,,0,3,TORONTO,,21,,6158350.2015.3.21,6158350,,,,,,,,ON,,,,0.2,0,,,0.2,,,2015-03-21 00:00:00,
-79.4,43.666666666666664,,2015,,,,,0,3,TORONTO,,22,,6158350.2015.3.22,6158350,,,,,,,,ON,,,,0,0,,,0,,,2015-03-22 00:00:00,
-79.4,43.666666666666664,,2015,,,,,0,3,TORONTO,,23,,6158350.2015.3.23,6158350,,,,,,,,ON,,,,0.2,0,,,0.2,,,2015-03-23 00:00:00,
-79.4,43.666666666666664,,2015,,,,,0,3,TORONTO,,24,,6158350.2015.3.24,6158350,,,,,,T,,ON,T,,,0,0,,,0,,,2015-03-24 00:00:00,
-79.4,43.666666666666664,,2015,,,,,0,3,TORONTO,,25,,6158350.2015.3.25,6158350,,,,,,,,ON,,,,4.3,0,,,4.3,,,2015-03-25 00:00:00,
-79.4,43.666666666666664,,2015,,,,,0,3,TORONTO,T,26,,6158350.2015.3.26,6158350,,,,,,,,ON,,,,2.7,0,,,3,,,2015-03-26 00:00:00,
-79.4,43.666666666666664,,2015,,,,,0,3,TORONTO,,27,,6158350.2015.3.27,6158350,,,,,,,,ON,,,,0,0,,,0,,,2015-03-27 00:00:00,
-79.4,43.666666666666664,,2015,,,,,0,3,TORONTO,,28,,6158350.2015.3.28,6158350,,,,,,,,ON,,,,0,0,,,0,,,2015-03-28 00:00:00,
-79.4,43.666666666666664,,2015,,,,,0,3,TORONTO,,29,,6158350.2015.3.29,6158350,,,,,,,,ON,,,,0.7,0,,,0.7,,,2015-03-29 00:00:00,
-79.4,43.666666666666664,,2015,,,,,0,3,TORONTO,,30,,6158350.2015.3.30,6158350,,,,,,,,ON,,,,0,0,,,0,,,2015-03-30 00:00:00,
-79.4,43.666666666666664,,2015,,,,,0,3,TORONTO,,31,,6158350.2015.3.31,6158350,,,,,,,,ON,,,,0,0,,,0,,,2015-03-31 00:00:00,
-79.4,43.666666666666664,,2015,,,,,0,4,TORONTO,,1,,6158350.2015.4.1,6158350,,,,,,,,ON,,,,0,0,,,0,,,2015-04-01 00:00:00,
-79.4,43.666666666666664,,2015,,,,,0,4,TORONTO,,2,,6158350.2015.4.2,6158350,,,,,,,,ON,,,,5.2,0,,,5.2,,,2015-04-02 00:00:00,
-79.4,43.666666666666664,,2015,,,,,0,4,TORONTO,,3,,6158350.2015.4.3,6158350,,,,,,,,ON,,,,1.4,0,,,1.4,,,2015-04-03 00:00:00,
-79.4,43.666666666666664,,2015,,,,,0,4,TORONTO,,4,,6158350.2015.4.4,6158350,,,,,,,,ON,,,,0,1,,,0.8,,,2015-04-04 00:00:00,
-79.4,43.666666666666664,,2015,,,,,0,4,TORONTO,T,5,,6158350.2015.4.5,6158350,T,,,,,,,ON,T,,,0,0,,,0,,,2015-04-05 00:00:00,
-79.4,43.666666666666664,,2015,,,,,0,4,TORONTO,,6,,6158350.2015.4.6,6158350,,,,,,,,ON,,,,0,0,,,0,,,2015-04-06 00:00:00,
-79.4,43.666666666666664,,2015,,,,,0,4,TORONTO,,7,,6158350.2015.4.7,6158350,,,,,,,,ON,,,,7.1,0,,,7.1,,,2015-04-07 00:00:00,
-79.4,43.666666666666664,,2015,,,,,0,4,TORONTO,,8,,6158350.2015.4.8,6158350,,,,,,,,ON,,,,12.4,0,,,12.4,,,2015-04-08 00:00:00,
-79.4,43.666666666666664,,2015,,,,,0,4,TORONTO,,9,,6158350.2015.4.9,6158350,,,,,,,,ON,,,,11.2,0,,,11.2,,,2015-04-09 00:00:00,
-79.4,43.666666666666664,,2015,,,,,0,4,TORONTO,,10,,6158350.2015.4.10,6158350,,,,,,,,ON,,,,0,0,,,0,,,2015-04-10 00:00:00,
-79.4,43.666666666666664,,2015,,,,,0,4,TORONTO,,11,,6158350.2015.4.11,6158350,,,,,,,,ON,,,,0,0,,,0,,,2015-04-11 00:00:00,
-79.4,43.666666666666664,,2015,,,,,0,4,TORONTO,,12,,6158350.2015.4.12,6158350,,,,,,,,ON,,,,3.8,0,,,3.8,,,2015-04-12 00:00:00,
-79.4,43.666666666666664,,2015,,,,,0,4,TORONTO,,13,,6158350.2015.4.13,6158350,,,,,,,,ON,,,,0.2,0,,,0.2,,,2015-04-13 00:00:00,
-79.4,43.666666666666664,,2015,,,,,0,4,TORONTO,,14,,6158350.2015.4.14,6158350,,,,,,,,ON,,,,0,0,,,0,,,2015-04-14 00:00:00,
-79.4,43.666666666666664,,2015,,,,,0,11,TORONTO,,1,,6158350.2015.11.1,6158350,,,,,,,,ON,,,,0,0,,,0,,,2015-11-01 00:00:00,
-79.4,43.666666666666664,,2015,,,,,0,11,TORONTO,,2,,6158350.2015.11.2,6158350,,,,,,,,ON,,,,0,0,,,0,,,2015-11-02 00:00:00,
-79.4,43.666666666666664,,2015,,,,,0,11,TORONTO,,3,,6158350.2015.11.3,6158350,,,,,,,,ON,,,,0,0,,,0,,,2015-11-03 00:00:00,
-79.4,43.666666666666664,,2015,,,,,0,11,TORONTO,,4,,6158350.2015.11.4,6158350,,,,,,,,ON,,,,0,0,,,0,,,2015-11-04 00:00:00,
-79.4,43.666666666666664,,2015,,,,,0,11,TORONTO,,5,,6158350.2015.11.5,6158350,,,,,,,,ON,,,,1.4,0,,,1.4,,,2015-11-05 00:00:00,
-79.4,43.666666666666664,,2015,,,,,0,11,TORONTO,,6,,6158350.2015.11.6,6158350,,,,,,,,ON,,,,2.4,0,,,2.4,,,2015-11-06 00:00:00,
-79.4,43.666666666666664,,2015,,,,,0,11,TORONTO,,7,,6158350.2015.11.7,6158350,,,,,,T,,ON,T,,,0,0,,,0,,,2015-11-07 00:00:00,
-79.4,43.666666666666664,,2015,,,,,0,11,TORONTO,,8,,6158350.2015.11.8,6158350,,,,,,,,ON,,,,0,0,,,0,,,2015-11-08 00:00:00,
-79.4,43.666666666666664,,2015,,,,,0,11,TORONTO,,9,,6158350.2015.11.9,6158350,,,,,,,,ON,,,,0,0,,,0,,,2015-11-09 00:00:00,
-79.4,43.666666666666664,,2015,,,,,0,11,TORONTO,,10,,6158350.2015.11.10,6158350,,,,,,,,ON,,,,17.8,0,,,17.8,,,2015-11-10 00:00:00,
-79.4,43.666666666666664,,2015,,,,,0,11,TORONTO,,11,,6158350.2015.11.11,6158350,,,,,,,,ON,,,,1.2,0,,,1.2,,,2015-11-11 00:00:00,
-79.4,43.666666666666664,,2015,,,,,0,11,TORONTO,,12,,6158350.2015.11.12,6158350,,,,,,,,ON,,,,0.6,0,,,0.6,,,2015-11-12 00:00:00,
-79.4,43.666666666666664,,2015,,,,,0,11,TORONTO,,13,,6158350.2015.11.13,6158350,,,,,,T,,ON,T,,,0,0,,,0,,,2015-11-13 00:00:00,
-79.4,43.666666666666664,,2015,,,,,0,11,TORONTO,,14,,6158350.2015.11.14,6158350,,,,,,,,ON,,,,0,0,,,0,,,2015-11-14 00:00:00,
-79.4,43.666666666666664,,2015,,,,,0,11,TORONTO,,15,,6158350.2015.11.15,6158350,,,,,,,,ON,,,,0,0,,,0,,,2015-11-15 00:00:00,
-79.4,43.666666666666664,,2015,,,,,0,11,TORONTO,,16,,6158350.2015.11.16,6158350,,,,,,,,ON,,,,0,0,,,0,,,2015-11-16 00:00:00,
-79.4,43.666666666666664,,2015,,,,,0,11,TORONTO,,17,,6158350.2015.11.17,6158350,,,,,,,,ON,,,,0,0,,,0,,,2015-11-17 00:00:00,
-79.4,43.666666666666664,,2015,,,,,0,11,TORONTO,,18,,6158350.2015.11.18,6158350,,,,,,,,ON,,,,2,0,,,2,,,2015-11-18 00:00:00,
-79.4,43.666666666666664,,2015,,,,,0,11,TORONTO,,19,,6158350.2015.11.19,6158350,,,,,,T,,ON,T,,,0,0,,,0,,,2015-11-19 00:00:00,
-79.4,43.666666666666664,,2015,,,,,0,11,TORONTO,,20,,6158350.2015.11.20,6158350,,,,,,,,ON,,,,0,0,,,0,,,2015-11-20 00:00:00,
-79.4,43.666666666666664,,2015,,,,,0,11,TORONTO,,21,,6158350.2015.11.21,6158350,,,,,,,,ON,,,,3.9,0,,,3.9,,,2015-11-21 00:00:00,
-79.4,43.666666666666664,,2015,,,,,0,11,TORONTO,T,22,,6158350.2015.11.22,6158350,,,,,,,,ON,T,,,0,0,,,0,,,2015-11-22 00:00:00,
-79.4,43.666666666666664,,2015,,,,,0,11,TORONTO,,23,,6158350.2015.11.23,6158350,,,,,,,,ON,,,,0,0.4,,,1.4,,,2015-11-23 00:00:00,
-79.4,43.666666666666664,,2015,,,,,0,11,TORONTO,,24,,6158350.2015.11.24,6158350,T,,,,,,,ON,,,,0,0,,,0,,,2015-11-24 00:00:00,
-79.4,43.666666666666664,,2015,,,,,0,11,TORONTO,,25,,6158350.2015.11.25,6158350,,,,,,,,ON,,,,0,0,,,0,,,2015-11-25 00:00:00,
-79.4,43.666666666666664,,2015,,,,,0,11,TORONTO,,26,,6158350.2015.11.26,6158350,,,,,,,,ON,,,,0,0,,,0,,,2015-11-26 00:00:00,
-79.4,43.666666666666664,,2015,,,,,0,11,TORONTO,,27,,6158350.2015.11.27,6158350,,,,,,,,ON,,,,2.4,0,,,2.4,,,2015-11-27 00:00:00,
-79.4,43.666666666666664,,2015,,,,,0,11,TORONTO,,28,,6158350.2015.11.28,6158350,,,,,,,,ON,,,,0,0,,,0,,,2015-11-28 00:00:00,
-79.4,43.666666666666664,,2015,,,,,0,11,TORONTO,,29,,6158350.2015.11.29,6158350,,,,,,T,,ON,T,,,0,0,,,0,,,2015-11-29 00:00:00,
-79.4,43.666666666666664,,2015,,,,,0,11,TORONTO,,30,,6158350.2015.11.30,6158350,,,,,,T,,ON,T,,,0,0,,,0,,,2015-11-30 00:00:00,
-79.4,43.666666666666664,,2015,,,,,0,12,TORONTO,,1,,6158350.2015.12.1,6158350,,,,,,,,ON,,,,2.1,0,,,2.1,,,2015-12-01 00:00:00,
-79.4,43.666666666666664,,2015,,,,,0,12,TORONTO,,2,,6158350.2015.12.2,6158350,,,,,,,,ON,,,,0,0,,,0,,,2015-12-02 00:00:00,
-79.4,43.666666666666664,,2015,,,,,0,12,TORONTO,,3,,6158350.2015.12.3,6158350,,,,,,T,,ON,T,,,0,0,,,0,,,2015-12-03 00:00:00,
-79.4,43.666666666666664,,2015,,,,,0,12,TORONTO,,4,,6158350.2015.12.4,6158350,,,,,,T,,ON,T,,,0,0,,,0,,,2015-12-04 00:00:00,
-79.4,43.666666666666664,,2015,,,,,0,12,TORONTO,,5,,6158350.2015.12.5,6158350,,,,,,T,,ON,T,,,0,0,,,0,,,2015-12-05 00:00:00,
-79.4,43.666666666666664,,2015,,,,,0,12,TORONTO,,6,,6158350.2015.12.6,6158350,,,,,,T,,ON,T,,,0,0,,,0,,,2015-12-06 00:00:00,
-79.4,43.666666666666664,,2015,,,,,0,12,TORONTO,,7,,6158350.2015.12.7,6158350,,,,,,T,,ON,T,,,0,0,,,0,,,2015-12-07 00:00:00,
-79.4,43.666666666666664,,2015,,,,,0,12,TORONTO,,8,,6158350.2015.12.8,6158350,,,,,,,,ON,,,,0,0,,,0,,,2015-12-08 00:00:00,
-79.4,43.666666666666664,,2015,,,,,0,12,TORONTO,,9,,6158350.2015.12.9,6158350,,,,,,,,ON,,,,0.2,0,,,0.2,,,2015-12-09 00:00:00,
-79.4,43.666666666666664,,2015,,,,,0,12,TORONTO,,10,,6158350.2015.12.10,6158350,,,,,,,,ON,,,,0,0,,,0,,,2015-12-10 00:00:00,
-79.4,43.666666666666664,,2015,,,,,0,12,TORONTO,,11,,6158350.2015.12.11,6158350,,,,,,,,ON,,,,0,0,,,0,,,2015-12-11 00:00:00,
-79.4,43.666666666666664,,2015,,,,,0,12,TORONTO,,12,,6158350.2015.12.12,6158350,,,,,,T,,ON,T,,,0,0,,,0,,,2015-12-12 00:00:00,
-79.4,43.666666666666664,,2015,,,,,0,12,TORONTO,,13,,6158350.2015.12.13,6158350,,,,,,T,,ON,T,,,0,0,,,0,,,2015-12-13 00:00:00,
-79.4,43.666666666666664,,2015,,,,,0,12,TORONTO,,14,,6158350.2015.12.14,6158350,,,,,,,,ON,,,,3.7,0,,,3.7,,,2015-12-14 00:00:00,
-79.4,43.666666666666664,,2015,,,,,0,12,TORONTO,,15,,6158350.2015.12.15,6158350,,,,,,,,ON,,,,1.1,0,,,1.1,,,2015-12-15 00:00:00,
-79.4,43.666666666666664,,2015,,,,,0,12,TORONTO,,16,,6158350.2015.12.16,6158350,,,,,,,,ON,,,,1,0,,,1,,,2015-12-16 00:00:00,
-79.4,43.666666666666664,,2015,,,,,0,12,TORONTO,,17,,6158350.2015.12.17,6158350,,,,,,,,ON,,,,0,0,,,0,,,2015-12-17 00:00:00,
-79.4,43.666666666666664,,2015,,,,,0,12,TORONTO,,18,,6158350.2015.12.18,6158350,,,,,,,,ON,,,,0,0,,,0,,,2015-12-18 00:00:00,
-79.4,43.666666666666664,,2015,,,,,0,12,TORONTO,,19,,6158350.2015.12.19,6158350,,,,,,,,ON,,,,0,0,,,0,,,2015-12-19 00:00:00,
-79.4,43.666666666666664,,2015,,,,,0,12,TORONTO,,20,,6158350.2015.12.20,6158350,,,,,,T,,ON,T,,,0,0,,,0,,,2015-12-20 00:00:00,
-79.4,43.666666666666664,,2015,,,,,0,12,TORONTO,,21,,6158350.2015.12.21,6158350,,,,,,,,ON,,,,4.8,0,,,4.8,,,2015-12-21 00:00:00,
-79.4,43.666666666666664,,2015,,,,,0,12,TORONTO,,22,,6158350.2015.12.22,6158350,,,,,,T,,ON,T,,,0,0,,,0,,,2015-12-22 00:00:00,
-79.4,43.666666666666664,,2015,,,,,0,12,TORONTO,,23,,6158350.2015.12.23,6158350,,,,,,,,ON,,,,0.4,0,,,0.4,,,2015-12-23 00:00:00,
-79.4,43.666666666666664,,2015,,,,,0,12,TORONTO,,24,,6158350.2015.12.24,6158350,,,,,,T,,ON,T,,,0,0,,,0,,,2015-12-24 00:00:00,
-79.4,43.666666666666664,,2015,,,,,0,12,TORONTO,,25,,6158350.2015.12.25,6158350,,,,,,,,ON,,,,0,0,,,0,,,2015-12-25 00:00:00,
-79.4,43.666666666666664,,2015,,,,,0,12,TORONTO,,26,,6158350.2015.12.26,6158350,,,,,,,,ON,,,,6,0,,,6,,,2015-12-26 00:00:00,
-79.4,43.666666666666664,,2015,,,,,0,12,TORONTO,,27,,6158350.2015.12.27,6158350,,,,,,T,,ON,T,,,0,0,,,0,,,2015-12-27 00:00:00,
-79.4,43.666666666666664,,2015,,,,,0,12,TORONTO,,28,,6158350.2015.12.28,6158350,,,,,,,,ON,,,,12.2,4.4,,,22.2,,,2015-12-28 00:00:00,
-79.4,43.666666666666664,,2015,,,,,5,12,TORONTO,,29,,6158350.2015.12.29,6158350,,,,,,,,ON,,,,2,0,,,2,,,2015-12-29 00:00:00,
-79.4,43.666666666666664,,2015,,,,,2,12,TORONTO,T,30,,6158350.2015.12.30,6158350,,,,,,T,,ON,T,,,0,0,,,0,,,2015-12-30 00:00:00,
-79.4,43.666666666666664,,2015,,,,,0,12,TORONTO,,31,,6158350.2015.12.31,6158350,T,,,,,,,ON,T,,,0,0.4,,,0,,,2015-12-31 00:00:00,
-79.4,43.666666666666664,,2016,,,,,0,1,TORONTO,,1,,6158350.2016.1.1,6158350,T,,,,,,,ON,T,,,0,0.6,,,0,,,2016-01-01 00:00:00,
-79.4,43.666666666666664,,2016,,,,,0,1,TORONTO,T,2,,6158350.2016.1.2,6158350,,,,,,,,ON,T,,,0,0,,,0,,,2016-01-02 00:00:00,
-79.4,43.666666666666664,,2016,,,,,0,1,TORONTO,T,3,,6158350.2016.1.3,6158350,,,,,,,,ON,T,,,0,0,,,0,,,2016-01-03 00:00:00,
-79.4,43.666666666666664,,2016,,,,,0,1,TORONTO,,4,,6158350.2016.1.4,6158350,,,,,,,,ON,,,,0,0,,,0,,,2016-01-04 00:00:00,
-79.4,43.666666666666664,,2016,,,,,0,1,TORONTO,,5,,6158350.2016.1.5,6158350,,,,,,,,ON,,,,0,0,,,0,,,2016-01-05 00:00:00,
-79.4,43.666666666666664,,2016,,,,,0,1,TORONTO,,6,,6158350.2016.1.6,6158350,,,,,,,,ON,,,,0,0,,,0,,,2016-01-06 00:00:00,
-79.4,43.666666666666664,,2016,,,,,0,1,TORONTO,,7,,6158350.2016.1.7,6158350,,,,,,,,ON,,,,0,0,,,0,,,2016-01-07 00:00:00,
-79.4,43.666666666666664,,2016,,,,,0,1,TORONTO,,8,,6158350.2016.1.8,6158350,,,,,,,,ON,,,,7.4,0,,,7.4,,,2016-01-08 00:00:00,
-79.4,43.666666666666664,,2016,,,,,0,1,TORONTO,,9,,6158350.2016.1.9,6158350,,,,,,,,ON,,,,14,0,,,14,,,2016-01-09 00:00:00,
-79.4,43.666666666666664,,2016,,,,,1,1,TORONTO,,11,,6158350.2016.1.11,6158350,,,,,,,,ON,,,,0,6.4,,,4,,,2016-01-11 00:00:00,
-79.4,43.666666666666664,,2016,,,,,8,1,TORONTO,,12,,6158350.2016.1.12,6158350,,,,,,,,ON,,,,0,1,,,0.8,,,2016-01-12 00:00:00,
-79.4,43.666666666666664,,2016,,,,,7,1,TORONTO,T,13,,6158350.2016.1.13,6158350,,,,,,,,ON,,,,0,0,,,0.4,,,2016-01-13 00:00:00,
-79.4,43.666666666666664,,2016,,,,,6,1,TORONTO,,14,,6158350.2016.1.14,6158350,,,,,,,,ON,,,,0,0,,,0,,,2016-01-14 00:00:00,
-79.4,43.666666666666664,,2016,,,,,4,1,TORONTO,,15,,6158350.2016.1.15,6158350,,,,,,,,ON,,,,1.6,0,,,1.6,,,2016-01-15 00:00:00,
-79.4,43.666666666666664,,2016,,,,,0,1,TORONTO,,16,,6158350.2016.1.16,6158350,,,,,,,,ON,,,,0,0,,,0,,,2016-01-16 00:00:00,
-79.4,43.666666666666664,,2016,,,,,0,1,TORONTO,,17,,6158350.2016.1.17,6158350,,,,,,,,ON,,,,0,0.8,,,1,,,2016-01-17 00:00:00,
-79.4,43.666666666666664,,2016,,,,,1,1,TORONTO,T,18,,6158350.2016.1.18,6158350,,,,,,,,ON,T,,,0,0,,,0,,,2016-01-18 00:00:00,
-79.4,43.666666666666664,,2016,,,,,1,1,TORONTO,,19,,6158350.2016.1.19,6158350,,,,,,,,ON,,,,0,0,,,0,,,2016-01-19 00:00:00,
-79.4,43.666666666666664,,2016,,,,,0,1,TORONTO,T,20,,6158350.2016.1.20,6158350,,,,,,,,ON,T,,,0,0,,,0,,,2016-01-20 00:00:00,
-79.4,43.666666666666664,,2016,,,,,0,1,TORONTO,,21,,6158350.2016.1.21,6158350,T,,,,,,,ON,,,,0,0,,,0,,,2016-01-21 00:00:00,
-79.4,43.666666666666664,,2016,,,,,0,1,TORONTO,,22,,6158350.2016.1.22,6158350,T,,,,,,,ON,,,,0,0,,,0,,,2016-01-22 00:00:00,
-79.4,43.666666666666664,,2016,,,,,0,1,TORONTO,,23,,6158350.2016.1.23,6158350,T,,,,,,,ON,,,,0,0,,,0,,,2016-01-23 00:00:00,
-79.4,43.666666666666664,,2016,,,,,0,1,TORONTO,,24,,6158350.2016.1.24,6158350,,,,,,,,ON,,,,0,0,,,0,,,2016-01-24 00:00:00,
-79.4,43.666666666666664,,2016,,,,,0,1,TORONTO,,25,,6158350.2016.1.25,6158350,,,,,,,,ON,,,,0,0,,,0,,,2016-01-25 00:00:00,
-79.4,43.666666666666664,,2016,,,,,0,1,TORONTO,T,26,,6158350.2016.1.26,6158350,,,,,,,,ON,T,,,0,0,,,0,,,2016-01-26 00:00:00,
-79.4,43.666666666666664,,2016,,,,,0,1,TORONTO,,27,,6158350.2016.1.27,6158350,,,,,,,,ON,,,,0,0,,,0,,,2016-01-27 00:00:00,
-79.4,43.666666666666664,,2016,,,,,0,1,TORONTO,T,28,,6158350.2016.1.28,6158350,,,,,,,,ON,,,,0,0,,,1.6,,,2016-01-28 00:00:00,
-79.4,43.666666666666664,,2016,,,,,0,1,TORONTO,,29,,6158350.2016.1.29,6158350,T,,,,,,,ON,,,,0,0,,,0,,,2016-01-29 00:00:00,
-79.4,43.666666666666664,,2016,,,,,0,1,TORONTO,,30,,6158350.2016.1.30,6158350,,,,,,,,ON,,,,0,0,,,0,,,2016-01-30 00:00:00,
-79.4,43.666666666666664,,2016,,,,,0,1,TORONTO,,31,,6158350.2016.1.31,6158350,,,,,,,,ON,,,,3.9,0,,,3.9,,,2016-01-31 00:00:00,
-79.4,43.666666666666664,,2016,,,,,0,2,TORONTO,,1,,6158350.2016.2.1,6158350,,,,,,,,ON,,,,0,0,,,0,,,2016-02-01 00:00:00,
-79.4,43.666666666666664,,2016,,,,,0,2,TORONTO,,2,,6158350.2016.2.2,6158350,,,,,,,,ON,,,,9.2,0,,,9.2,,,2016-02-02 00:00:00,
-79.4,43.666666666666664,,2016,,,,,0,2,TORONTO,,3,,6158350.2016.2.3,6158350,,,,,,,,ON,,,,0,0,,,0,,,2016-02-03 00:00:00,
-79.4,43.666666666666664,,2016,,,,,0,2,TORONTO,,4,,6158350.2016.2.4,6158350,,,,,,,,ON,,,,0,0,,,0,,,2016-02-04 00:00:00,
-79.4,43.666666666666664,,2016,,,,,0,2,TORONTO,,5,,6158350.2016.2.5,6158350,,,,,,,,ON,,,,0,0,,,0,,,2016-02-05 00:00:00,
-79.4,43.666666666666664,,2016,,,,,0,2,TORONTO,,6,,6158350.2016.2.6,6158350,,,,,,,,ON,,,,0,0,,,0,,,2016-02-06 00:00:00,
-79.4,43.666666666666664,,2016,,,,,0,2,TORONTO,,7,,6158350.2016.2.7,6158350,,,,,,,,ON,,,,0,0,,,0,,,2016-02-07 00:00:00,
-79.4,43.666666666666664,,2016,,,,,0,2,TORONTO,,8,,6158350.2016.2.8,6158350,,,,,,T,,ON,,,,0,1.5,,,2.6,,,2016-02-08 00:00:00,
-79.4,43.666666666666664,,2016,,,,,3,2,TORONTO,,9,,6158350.2016.2.9,6158350,,,,,,,,ON,,,,0,1,,,1,,,2016-02-09 00:00:00,
-79.4,43.666666666666664,,2016,,,,,3,2,TORONTO,,10,,6158350.2016.2.10,6158350,,,,,,,,ON,,,,0,0,,,0,,,2016-02-10 00:00:00,
-79.4,43.666666666666664,,2016,,,,,2,2,TORONTO,,11,,6158350.2016.2.11,6158350,,,,,,,,ON,,,,0,0,,,0,,,2016-02-11 00:00:00,
-79.4,43.666666666666664,,2016,,,,,2,2,TORONTO,,12,,6158350.2016.2.12,6158350,,,,,,,,ON,,,,0,0.4,,,0.4,,,2016-02-12 00:00:00,
-79.4,43.666666666666664,,2016,,,,,3,2,TORONTO,,13,,6158350.2016.2.13,6158350,,,,,,,,ON,,,,0,0,,,0,,,2016-02-13 00:00:00,
-79.4,43.666666666666664,,2016,,,,,2,2,TORONTO,,14,,6158350.2016.2.14,6158350,,,,,,,,ON,,,,0,0,,,0,,,2016-02-14 00:00:00,
-79.4,43.666666666666664,,2016,,,,,2,2,TORONTO,,15,,6158350.2016.2.15,6158350,,,,,,,,ON,,,,0,5.6,,,6.2,,,2016-02-15 00:00:00,
-79.4,43.666666666666664,,2016,,,,,8,2,TORONTO,,16,,6158350.2016.2.16,6158350,,,,,,,,ON,,,,0,2,,,2.4,,,2016-02-16 00:00:00,
-79.4,43.666666666666664,,2016,,,,,10,2,TORONTO,,17,,6158350.2016.2.17,6158350,,,,,,,,ON,,,,0,1,,,1,,,2016-02-17 00:00:00,
-79.4,43.666666666666664,,2016,,,,,10,2,TORONTO,,18,,6158350.2016.2.18,6158350,,,,,,,,ON,,,,0,0,,,0,,,2016-02-18 00:00:00,
-79.4,43.666666666666664,,2016,,,,,8,2,TORONTO,,19,,6158350.2016.2.19,6158350,,,,,,,,ON,,,,1.8,0,,,1.8,,,2016-02-19 00:00:00,
-79.4,43.666666666666664,,2016,,,,,0,2,TORONTO,,20,,6158350.2016.2.20,6158350,,,,,,,,ON,,,,0,0,,,0,,,2016-02-20 00:00:00,
-79.4,43.666666666666664,,2016,,,,,0,2,TORONTO,,21,,6158350.2016.2.21,6158350,,,,,,,,ON,,,,0,0,,,0,,,2016-02-21 00:00:00,
-79.4,43.666666666666664,,2016,,,,,0,2,TORONTO,,22,,6158350.2016.2.22,6158350,,,,,,,,ON,,,,0,0,,,0,,,2016-02-22 00:00:00,
-79.4,43.666666666666664,,2016,,,,,0,2,TORONTO,,23,,6158350.2016.2.23,6158350,,,,,,,,ON,,,,0,0.4,,,0.6,,,2016-02-23 00:00:00,
-79.4,43.666666666666664,,2016,,,,,0,2,TORONTO,,24,,6158350.2016.2.24,6158350,T,,,,,,,ON,,,,29.6,1.4,,,30.6,,,2016-02-24 00:00:00,
-79.4,43.666666666666664,,2016,,,,,0,2,TORONTO,,25,,6158350.2016.2.25,6158350,T,,,,,,,ON,,,,0,1.6,,,1.2,,,2016-02-25 00:00:00,
-79.4,43.666666666666664,,2016,,,,,2,2,TORONTO,T,26,,6158350.2016.2.26,6158350,,,,,,,,ON,T,,,0,0,,,0,,,2016-02-26 00:00:00,
-79.4,43.666666666666664,,2016,,,,,0,2,TORONTO,,27,,6158350.2016.2.27,6158350,,,,,,,,ON,,,,0,0,,,0,,,2016-02-27 00:00:00,
-79.4,43.666666666666664,,2016,,,,,0,2,TORONTO,,28,,6158350.2016.2.28,6158350,,,,,,T,,ON,T,,,0,0,,,0,,,2016-02-28 00:00:00,
-79.4,43.666666666666664,,2016,,,,,0,2,TORONTO,T,29,,6158350.2016.2.29,6158350,,,,,,T,,ON,T,,,0,0,,,0,,,2016-02-29 00:00:00,
-79.4,43.666666666666664,,2016,,,,,0,3,TORONTO,,1,,6158350.2016.3.1,6158350,T,,,,,,,ON,,,,0,13,,,13.6,,,2016-03-01 00:00:00,
-79.4,43.666666666666664,,2016,,,,,12,3,TORONTO,,2,,6158350.2016.3.2,6158350,,,,,,,,ON,,,,0,0.6,,,0.4,,,2016-03-02 00:00:00,
-79.4,43.666666666666664,,2016,,,,,12,3,TORONTO,,3,,6158350.2016.3.3,6158350,,,,,,,,ON,,,,0,4.8,,,2.8,,,2016-03-03 00:00:00,
-79.4,43.666666666666664,,2016,,,,,14,3,TORONTO,,4,,6158350.2016.3.4,6158350,,,,,,,,ON,,,,0,0.8,,,0.4,,,2016-03-04 00:00:00,
-79.4,43.666666666666664,,2016,,,,,10,3,TORONTO,T,5,,6158350.2016.3.5,6158350,,,,,,,,ON,T,,,0,0,,,0,,,2016-03-05 00:00:00,
-79.4,43.666666666666664,,2016,,,,,9,3,TORONTO,,6,,6158350.2016.3.6,6158350,,,,,,,,ON,,,,0,0,,,0,,,2016-03-06 00:00:00,
-79.4,43.666666666666664,,2016,,,,,3,3,TORONTO,,7,,6158350.2016.3.7,6158350,,,,,,,,ON,,,,0,0,,,0,,,2016-03-07 00:00:00,
-79.4,43.666666666666664,,2016,,,,,0,3,TORONTO,,8,,6158350.2016.3.8,6158350,,,,,,,,ON,,,,0,0,,,0,,,2016-03-08 00:00:00,
-79.4,43.666666666666664,,2016,,,,,0,3,TORONTO,,9,,6158350.2016.3.9,6158350,,,,,,,,ON,,,,0.6,0,,,0.6,,,2016-03-09 00:00:00,
-79.4,43.666666666666664,,2016,,,,,0,3,TORONTO,,10,,6158350.2016.3.10,6158350,,,,,,,,ON,,,,4.6,0,,,4.6,,,2016-03-10 00:00:00,
-79.4,43.666666666666664,,2016,,,,,0,3,TORONTO,,11,,6158350.2016.3.11,6158350,,,,,,,,ON,,,,0,0,,,0,,,2016-03-11 00:00:00,
-79.4,43.666666666666664,,2016,,,,,0,3,TORONTO,,12,,6158350.2016.3.12,6158350,,,,,,,,ON,,,,0,0,,,0,,,2016-03-12 00:00:00,
-79.4,43.666666666666664,,2016,,,,,0,3,TORONTO,,13,,6158350.2016.3.13,6158350,,,,,,,,ON,,,,11.6,0,,,11.6,,,2016-03-13 00:00:00,
-79.4,43.666666666666664,,2016,,,,,0,3,TORONTO,,14,,6158350.2016.3.14,6158350,,,,,,,,ON,,,,11.6,0,,,11.6,,,2016-03-14 00:00:00,
-79.4,43.666666666666664,,2016,,,,,0,3,TORONTO,,15,,6158350.2016.3.15,6158350,,,,,,,,ON,,,,1.1,0,,,1.1,,,2016-03-15 00:00:00,
-79.4,43.666666666666664,,2016,,,,,0,3,TORONTO,,16,,6158350.2016.3.16,6158350,,,,,,,,ON,,,,3.4,0,,,3.4,,,2016-03-16 00:00:00,
-79.4,43.666666666666664,,2016,,,,,0,3,TORONTO,,17,,6158350.2016.3.17,6158350,,,,,,,,ON,,,,0.6,0,,,0.6,,,2016-03-17 00:00:00,
-79.4,43.666666666666664,,2016,,,,,0,3,TORONTO,,18,,6158350.2016.3.18,6158350,,,,,,,,ON,,,,0,0,,,0,,,2016-03-18 00:00:00,
-79.4,43.666666666666664,,2016,,,,,0,3,TORONTO,,19,,6158350.2016.3.19,6158350,,,,,,,,ON,,,,0,0,,,0,,,2016-03-19 00:00:00,
-79.4,43.666666666666664,,2016,,,,,0,3,TORONTO,,20,,6158350.2016.3.20,6158350,,,,,,,,ON,,,,0,0,,,0,,,2016-03-20 00:00:00,
-79.4,43.666666666666664,,2016,,,,,0,3,TORONTO,,21,,6158350.2016.3.21,6158350,,,,,,,,ON,,,,0,0,,,0,,,2016-03-21 00:00:00,
-79.4,43.666666666666664,,2016,,,,,0,3,TORONTO,,22,,6158350.2016.3.22,6158350,,,,,,,,ON,,,,1.2,0,,,1.2,,,2016-03-22 00:00:00,
-79.4,43.666666666666664,,2016,,,,,0,3,TORONTO,,23,,6158350.2016.3.23,6158350,,,,,,,,ON,,,,1.6,1,,,2.6,,,2016-03-23 00:00:00,
-79.4,43.666666666666664,,2016,,,,,1,3,TORONTO,T,24,,6158350.2016.3.24,6158350,,,,,,,,ON,,,,9.6,0,,,9.6,,,2016-03-24 00:00:00,
-79.4,43.666666666666664,,2016,,,,,0,3,TORONTO,,25,,6158350.2016.3.25,6158350,,,,,,T,,ON,T,,,0,0,,,0,,,2016-03-25 00:00:00,
-79.4,43.666666666666664,,2016,,,,,0,3,TORONTO,,26,,6158350.2016.3.26,6158350,,,,,,,,ON,,,,0,0,,,0,,,2016-03-26 00:00:00,
-79.4,43.666666666666664,,2016,,,,,0,3,TORONTO,,27,,6158350.2016.3.27,6158350,,,,,,,,ON,,,,6.6,0,,,6.6,,,2016-03-27 00:00:00,
-79.4,43.666666666666664,,2016,,,,,0,3,TORONTO,,28,,6158350.2016.3.28,6158350,,,,,,,,ON,,,,1.2,0,,,1.2,,,2016-03-28 00:00:00,
-79.4,43.666666666666664,,2016,,,,,0,3,TORONTO,,29,,6158350.2016.3.29,6158350,,,,,,,,ON,,,,0,0,,,0,,,2016-03-29 00:00:00,
-79.4,43.666666666666664,,2016,,,,,0,3,TORONTO,,30,,6158350.2016.3.30,6158350,,,,,,,,ON,,,,6.8,0,,,6.8,,,2016-03-30 00:00:00,
-79.4,43.666666666666664,,2016,,,,,0,3,TORONTO,,31,,6158350.2016.3.31,6158350,,,,,,,,ON,,,,19.8,0,,,19.8,,,2016-03-31 00:00:00,
-79.4,43.666666666666664,,2016,,,,,0,4,TORONTO,,1,,6158350.2016.4.1,6158350,,,,,,,,ON,,,,0,0,,,0,,,2016-04-01 00:00:00,
-79.4,43.666666666666664,,2016,,,,,0,4,TORONTO,T,2,,6158350.2016.4.2,6158350,,,,,,,,ON,,,,0,0,,,1.8,,,2016-04-02 00:00:00,
-79.4,43.666666666666664,,2016,,,,,0,4,TORONTO,,3,,6158350.2016.4.3,6158350,T,,,,,,,ON,,,,0,7.6,,,10.6,,,2016-04-03 00:00:00,
-79.4,43.666666666666664,,2016,,,,,8,4,TORONTO,T,4,,6158350.2016.4.4,6158350,,,,,,,,ON,,,,0,0,,,0,,,2016-04-04 00:00:00,
-79.4,43.666666666666664,,2016,,,,,6,4,TORONTO,,5,,6158350.2016.4.5,6158350,,,,,,,,ON,,,,0,0,,,0,,,2016-04-05 00:00:00,
-79.4,43.666666666666664,,2016,,,,,0,4,TORONTO,,6,,6158350.2016.4.6,6158350,,,,,,,,ON,,,,3.6,0,,,3.6,,,2016-04-06 00:00:00,
-79.4,43.666666666666664,,2016,,,,,0,4,TORONTO,,7,,6158350.2016.4.7,6158350,,,,,,T,,ON,T,,,0,0,,,0,,,2016-04-07 00:00:00,
-79.4,43.666666666666664,,2016,,,,,0,4,TORONTO,,8,,6158350.2016.4.8,6158350,,,,,,,,ON,,,,0,0,,,0,,,2016-04-08 00:00:00,
-79.4,43.666666666666664,,2016,,,,,0,4,TORONTO,,9,,6158350.2016.4.9,6158350,,,,,,,,ON,,,,0,0,,,0,,,2016-04-09 00:00:00,
-79.4,43.666666666666664,,2016,,,,,0,4,TORONTO,,10,,6158350.2016.4.10,6158350,,,,,,,,ON,,,,7,3,,,10,,,2016-04-10 00:00:00,
-79.4,43.666666666666664,,2016,,,,,0,4,TORONTO,,11,,6158350.2016.4.11,6158350,,,,,,,,ON,,,,1.2,0,,,1.2,,,2016-04-11 00:00:00,
-79.4,43.666666666666664,,2016,,,,,0,4,TORONTO,,12,,6158350.2016.4.12,6158350,,,,,,T,,ON,T,,,0,0,,,0,,,2016-04-12 00:00:00,
-79.4,43.666666666666664,,2016,,,,,0,4,TORONTO,,13,,6158350.2016.4.13,6158350,,,,,,,,ON,,,,0,0,,,0,,,2016-04-13 00:00:00,
-79.4,43.666666666666664,,2016,,,,,0,4,TORONTO,,14,,6158350.2016.4.14,6158350,,,,,,,,ON,,,,0,0,,,0,,,2016-04-14 00:00:00,
-79.4,43.666666666666664,,2016,,,,,0,11,TORONTO,,1,,6158350.2016.11.1,6158350,,,,,,,,ON,,,,0,0,,,0,,,2016-11-01 00:00:00,
-79.4,43.666666666666664,,2016,,,,,0,11,TORONTO,,2,,6158350.2016.11.2,6158350,,,,,,,,ON,,,,24.2,0,,,24.2,,,2016-11-02 00:00:00,
-79.4,43.666666666666664,,2016,,,,,0,11,TORONTO,,3,,6158350.2016.11.3,6158350,,,,,,,,ON,,,,0,0,,,0,,,2016-11-03 00:00:00,
-79.4,43.666666666666664,,2016,,,,,0,11,TORONTO,,4,,6158350.2016.11.4,6158350,,,,,,,,ON,,,,0,0,,,0,,,2016-11-04 00:00:00,
-79.4,43.666666666666664,,2016,,,,,0,11,TORONTO,,5,,6158350.2016.11.5,6158350,,,,,,,,ON,,,,0,0,,,0,,,2016-11-05 00:00:00,
-79.4,43.666666666666664,,2016,,,,,0,11,TORONTO,,6,,6158350.2016.11.6,6158350,,,,,,,,ON,,,,0,0,,,0,,,2016-11-06 00:00:00,
-79.4,43.666666666666664,,2016,,,,,0,11,TORONTO,,7,,6158350.2016.11.7,6158350,,,,,,,,ON,,,,0,0,,,0,,,2016-11-07 00:00:00,
-79.4,43.666666666666664,,2016,,,,,0,11,TORONTO,,8,,6158350.2016.11.8,6158350,,,,,,,,ON,,,,1.8,0,,,1.8,,,2016-11-08 00:00:00,
-79.4,43.666666666666664,,2016,,,,,0,11,TORONTO,,9,,6158350.2016.11.9,6158350,,,,,,,,ON,,,,0,0,,,0,,,2016-11-09 00:00:00,
-79.4,43.666666666666664,,2016,,,,,0,11,TORONTO,,10,,6158350.2016.11.10,6158350,,,,,,,,ON,,,,0,0,,,0,,,2016-11-10 00:00:00,
-79.4,43.666666666666664,,2016,,,,,0,11,TORONTO,,11,,6158350.2016.11.11,6158350,,,,,,,,ON,,,,0,0,,,0,,,2016-11-11 00:00:00,
-79.4,43.666666666666664,,2016,,,,,0,11,TORONTO,,12,,6158350.2016.11.12,6158350,,,,,,,,ON,,,,0,0,,,0,,,2016-11-12 00:00:00,
-79.4,43.666666666666664,,2016,,,,,0,11,TORONTO,,13,,6158350.2016.11.13,6158350,,,,,,,,ON,,,,0,0,,,0,,,2016-11-13 00:00:00,
-79.4,43.666666666666664,,2016,,,,,0,11,TORONTO,,14,,6158350.2016.11.14,6158350,,,,,,,,ON,,,,0,0,,,0,,,2016-11-14 00:00:00,
-79.4,43.666666666666664,,2016,,,,,0,11,TORONTO,,15,,6158350.2016.11.15,6158350,,,,,,,,ON,,,,0.2,0,,,0.2,,,2016-11-15 00:00:00,
-79.4,43.666666666666664,,2016,,,,,0,11,TORONTO,,16,,6158350.2016.11.16,6158350,,,,,,T,,ON,T,,,0,0,,,0,,,2016-11-16 00:00:00,
-79.4,43.666666666666664,,2016,,,,,0,11,TORONTO,,17,,6158350.2016.11.17,6158350,,,,,,,,ON,,,,0,0,,,0,,,2016-11-17 00:00:00,
-79.4,43.666666666666664,,2016,,,,,0,11,TORONTO,,18,,6158350.2016.11.18,6158350,,,,,,T,,ON,T,,,0,0,,,0,,,2016-11-18 00:00:00,
-79.4,43.666666666666664,,2016,,,,,0,11,TORONTO,T,19,,6158350.2016.11.19,6158350,,,,,,,,ON,,,,0.6,0,,,1,,,2016-11-19 00:00:00,
-79.4,43.666666666666664,,2016,,,,,0,11,TORONTO,,20,,6158350.2016.11.20,6158350,T,,,,,,,ON,,,,0,1.2,,,3,,,2016-11-20 00:00:00,
-79.4,43.666666666666664,,2016,,,,,1,11,TORONTO,,21,,6158350.2016.11.21,6158350,,,,,,,,ON,,,,0,0,,,0,,,2016-11-21 00:00:00,
-79.4,43.666666666666664,,2016,,,,,0,11,TORONTO,,22,,6158350.2016.11.22,6158350,T,,,,,,,ON,,,,0,0,,,0,,,2016-11-22 00:00:00,
-79.4,43.666666666666664,,2016,,,,,0,11,TORONTO,,23,,6158350.2016.11.23,6158350,,,,,,,,ON,,,,3.6,0,,,3.6,,,2016-11-23 00:00:00,
-79.4,43.666666666666664,,2016,,,,,0,11,TORONTO,,24,,6158350.2016.11.24,6158350,,,,,,,,ON,,,,1.8,0,,,1.8,,,2016-11-24 00:00:00,
-79.4,43.666666666666664,,2016,,,,,0,11,TORONTO,,25,,6158350.2016.11.25,6158350,,,,,,,,ON,,,,1.6,0,,,1.6,,,2016-11-25 00:00:00,
-79.4,43.666666666666664,,2016,,,,,0,11,TORONTO,,26,,6158350.2016.11.26,6158350,,,,,,,,ON,,,,3,0,,,3,,,2016-11-26 00:00:00,
-79.4,43.666666666666664,,2016,,,,,0,11,TORONTO,,27,,6158350.2016.11.27,6158350,,,,,,,,ON,,,,0,0,,,0,,,2016-11-27 00:00:00,
-79.4,43.666666666666664,,2016,,,,,0,11,TORONTO,,28,,6158350.2016.11.28,6158350,,,,,,T,,ON,T,,,0,0,,,0,,,2016-11-28 00:00:00,
-79.4,43.666666666666664,,2016,,,,,0,11,TORONTO,,29,,6158350.2016.11.29,6158350,,,,,,,,ON,,,,4,0,,,4,,,2016-11-29 00:00:00,
-79.4,43.666666666666664,,2016,,,,,0,11,TORONTO,,30,,6158350.2016.11.30,6158350,,,,,,T,,ON,T,,,0,0,,,0,,,2016-11-30 00:00:00,
-79.4,43.666666666666664,,2016,,,,,0,12,TORONTO,,1,,6158350.2016.12.1,6158350,,,,,,,,ON,,,,0,0,,,0,,,2016-12-01 00:00:00,
-79.4,43.666666666666664,,2016,,,,,0,12,TORONTO,,2,,6158350.2016.12.2,6158350,,,,,,T,,ON,T,,,0,0,,,0,,,2016-12-02 00:00:00,
-79.4,43.666666666666664,,2016,,,,,0,12,TORONTO,,3,,6158350.2016.12.3,6158350,,,,,,,,ON,,,,0,0,,,0,,,2016-12-03 00:00:00,
-79.4,43.666666666666664,,2016,,,,,0,12,TORONTO,,4,,6158350.2016.12.4,6158350,,,,,,,,ON,,,,7,0,,,7,,,2016-12-04 00:00:00,
-79.4,43.666666666666664,,2016,,,,,0,12,TORONTO,,5,,6158350.2016.12.5,6158350,,,,,,,,ON,,,,0,0,,,0,,,2016-12-05 00:00:00,
-79.4,43.666666666666664,,2016,,,,,0,12,TORONTO,,6,,6158350.2016.12.6,6158350,,,,,,,,ON,,,,5.4,0,,,5.4,,,2016-12-06 00:00:00,
-79.4,43.666666666666664,,2016,,,,,0,12,TORONTO,,7,,6158350.2016.12.7,6158350,,,,,,T,,ON,T,,,0,0,,,0,,,2016-12-07 00:00:00,
-79.4,43.666666666666664,,2016,,,,,0,12,TORONTO,T,8,,6158350.2016.12.8,6158350,,,,,,T,,ON,,,,0,0,,,0.6,,,2016-12-08 00:00:00,
-79.4,43.666666666666664,,2016,,,,,0,12,TORONTO,,9,,6158350.2016.12.9,6158350,T,,,,,,,ON,,,,0,0,,,0,,,2016-12-09 00:00:00,
-79.4,43.666666666666664,,2016,,,,,0,12,TORONTO,T,10,,6158350.2016.12.10,6158350,T,,,,,,,ON,,,,0,0,,,0,,,2016-12-10 00:00:00,
-79.4,43.666666666666664,,2016,,,,,0,12,TORONTO,,11,,6158350.2016.12.11,6158350,T,,,,,,,ON,,,,0,12.4,,,14.4,,,2016-12-11 00:00:00,
-79.4,43.666666666666664,,2016,,,,,13,12,TORONTO,,12,,6158350.2016.12.12,6158350,,,,,,,,ON,,,,0,0,,,0,,,2016-12-12 00:00:00,
-79.4,43.666666666666664,,2016,,,,,12,12,TORONTO,T,13,,6158350.2016.12.13,6158350,,,,,,,,ON,,,,0,0,,,0,,,2016-12-13 00:00:00,
-79.4,43.666666666666664,,2016,,,,,10,12,TORONTO,,14,,6158350.2016.12.14,6158350,,,,,,,,ON,,,,0,2,,,1.2,,,2016-12-14 00:00:00,
-79.4,43.666666666666664,,2016,,,,,11,12,TORONTO,,15,,6158350.2016.12.15,6158350,,,,,,,,ON,,,,0,5,,,3.2,,,2016-12-15 00:00:00,
-79.4,43.666666666666664,,2016,,,,,16,12,TORONTO,,16,,6158350.2016.12.16,6158350,,,,,,,,ON,,,,0,14.2,,,13.8,,,2016-12-16 00:00:00,
-79.4,43.666666666666664,,2016,,,,,23,12,TORONTO,T,17,,6158350.2016.12.17,6158350,,,,,,,,ON,,,,0,0,,,0,,,2016-12-17 00:00:00,
-79.4,43.666666666666664,,2016,,,,,21,12,TORONTO,T,18,,6158350.2016.12.18,6158350,,,,,,,,ON,,,,0,0,,,0,,,2016-12-18 00:00:00,
-79.4,43.666666666666664,,2016,,,,,19,12,TORONTO,,19,,6158350.2016.12.19,6158350,,,,,,,,ON,,,,0,0,,,0,,,2016-12-19 00:00:00,
-79.4,43.666666666666664,,2016,,,,,17,12,TORONTO,T,20,,6158350.2016.12.20,6158350,,,,,,,,ON,,,,0,0,,,0,,,2016-12-20 00:00:00,
-79.4,43.666666666666664,,2016,,,,,13,12,TORONTO,,21,,6158350.2016.12.21,6158350,,,,,,,,ON,,,,0,1.8,,,2,,,2016-12-21 00:00:00,
-79.4,43.666666666666664,,2016,,,,,19,12,TORONTO,T,22,,6158350.2016.12.22,6158350,,,,,,,,ON,,,,0,0,,,0,,,2016-12-22 00:00:00,
-79.4,43.666666666666664,,2016,,,,,19,12,TORONTO,,23,,6158350.2016.12.23,6158350,,,,,,,,ON,,,,3.4,0,,,3.4,,,2016-12-23 00:00:00,
-79.4,43.666666666666664,,2016,,,,,17,12,TORONTO,,24,,6158350.2016.12.24,6158350,,,,,,,,ON,,,,0,0,,,0,,,2016-12-24 00:00:00,
-79.4,43.666666666666664,,2016,,,,,13,12,TORONTO,,25,,6158350.2016.12.25,6158350,,,,,,,,ON,,,,1.6,0,,,1.6,,,2016-12-25 00:00:00,
-79.4,43.666666666666664,,2016,,,,,12,12,TORONTO,,26,,6158350.2016.12.26,6158350,,,,,,,,ON,,,,13,0,,,13,,,2016-12-26 00:00:00,
-79.4,43.666666666666664,,2016,,,,,5,12,TORONTO,T,27,,6158350.2016.12.27,6158350,,,,,,,,ON,,,,0,0,,,0,,,2016-12-27 00:00:00,
-79.4,43.666666666666664,,2016,,,,,4,12,TORONTO,,28,,6158350.2016.12.28,6158350,,,,,,,,ON,,,,0,6.4,,,6.4,,,2016-12-28 00:00:00,
-79.4,43.666666666666664,,2016,,,,,8,12,TORONTO,T,29,,6158350.2016.12.29,6158350,,,,,,,,ON,,,,0,0,,,0,,,2016-12-29 00:00:00,
-79.4,43.666666666666664,,2016,,,,,9,12,TORONTO,,30,,6158350.2016.12.30,6158350,,,,,,,,ON,,,,0,0.8,,,0.8,,,2016-12-30 00:00:00,
-79.4,43.666666666666664,,2016,,,,,9,12,TORONTO,,31,,6158350.2016.12.31,6158350,,,,,,,,ON,,,,1,0,,,1,,,2016-12-31 00:00:00,
-79.4,43.666666666666664,,2017,,,,,7,1,TORONTO,,1,,6158350.2017.1.1,6158350,,,,,,,,ON,,,,0,0,,,0,,,2017-01-01 00:00:00,
-79.4,43.666666666666664,,2017,,,,,6,1,TORONTO,,2,,6158350.2017.1.2,6158350,,,,,,,,ON,,,,1.4,0,,,1.4,,,2017-01-02 00:00:00,
-79.4,43.666666666666664,,2017,,,,,5,1,TORONTO,,3,,6158350.2017.1.3,6158350,,,,,,,,ON,,,,10.2,0,,,10.2,,,2017-01-03 00:00:00,
-79.4,43.666666666666664,,2017,,,,,3,1,TORONTO,T,4,,6158350.2017.1.4,6158350,,,,,,T,,ON,T,,,0,0,,,0,,,2017-01-04 00:00:00,
-79.4,43.666666666666664,,2017,,,,,1,1,TORONTO,T,5,,6158350.2017.1.5,6158350,,,,,,,,ON,,,,0,0,,,0,,,2017-01-05 00:00:00,
-79.4,43.666666666666664,,2017,,,,,0,1,TORONTO,,6,,6158350.2017.1.6,6158350,T,,,,,,,ON,,,,0,0,,,0,,,2017-01-06 00:00:00,
-79.4,43.666666666666664,,2017,,,,,0,1,TORONTO,T,7,,6158350.2017.1.7,6158350,T,,,,,,,ON,,,,0,0,,,0,,,2017-01-07 00:00:00,
-79.4,43.666666666666664,,2017,,,,,0,1,TORONTO,T,8,,6158350.2017.1.8,6158350,,,,,,,,ON,,,,0,0,,,0,,,2017-01-08 00:00:00,
-79.4,43.666666666666664,,2017,,,,,0,1,TORONTO,,9,,6158350.2017.1.9,6158350,,,,,,,,ON,,,,0,3,,,1.8,,,2017-01-09 00:00:00,
-79.4,43.666666666666664,,2017,,,,,3,1,TORONTO,,10,,6158350.2017.1.10,6158350,,,,,,,,ON,,,,16.3,1,,,17.3,,,2017-01-10 00:00:00,
-79.4,43.666666666666664,,2017,,,,,0,1,TORONTO,,11,,6158350.2017.1.11,6158350,,,,,,,,ON,,,,17.8,0,,,17.8,,,2017-01-11 00:00:00,
-79.4,43.666666666666664,,2017,,,,,0,1,TORONTO,,12,,6158350.2017.1.12,6158350,,,,,,,,ON,,,,1.4,0,,,1.4,,,2017-01-12 00:00:00,
-79.4,43.666666666666664,,2017,,,,,0,1,TORONTO,T,13,,6158350.2017.1.13,6158350,T,,,,,,,ON,,,,0,0,,,0,,,2017-01-13 00:00:00,
-79.4,43.666666666666664,,2017,,,,,0,1,TORONTO,,14,,6158350.2017.1.14,6158350,T,,,,,,,ON,,,,0,0,,,0,,,2017-01-14 00:00:00,
-79.4,43.666666666666664,,2017,,,,,0,1,TORONTO,,15,,6158350.2017.1.15,6158350,T,,,,,,,ON,,,,0,0,,,0,,,2017-01-15 00:00:00,
-79.4,43.666666666666664,,2017,,,,,0,1,TORONTO,,16,,6158350.2017.1.16,6158350,T,,,,,,,ON,,,,3.4,0,,,3.4,,,2017-01-16 00:00:00,
-79.4,43.666666666666664,,2017,,,,,0,1,TORONTO,,17,,6158350.2017.1.17,6158350,T,,,,,,,ON,,,,7.2,0,,,7.2,,,2017-01-17 00:00:00,
-79.4,43.666666666666664,,2017,,,,,0,1,TORONTO,,18,,6158350.2017.1.18,6158350,T,,,,,,,ON,,,,0,0,,,0,,,2017-01-18 00:00:00,
-79.4,43.666666666666664,,2017,,,,,0,1,TORONTO,,19,,6158350.2017.1.19,6158350,,,,,,,,ON,,,,0,0,,,0,,,2017-01-19 00:00:00,
-79.4,43.666666666666664,,2017,,,,,0,1,TORONTO,,20,,6158350.2017.1.20,6158350,,,,,,,,ON,,,,0.2,0,,,0.2,,,2017-01-20 00:00:00,
-79.4,43.666666666666664,,2017,,,,,0,1,TORONTO,,21,,6158350.2017.1.21,6158350,,,,,,,,ON,,,,0,0,,,0,,,2017-01-21 00:00:00,
-79.4,43.666666666666664,,2017,,,,,0,1,TORONTO,,22,,6158350.2017.1.22,6158350,,,,,,,,ON,,,,0,0,,,0,,,2017-01-22 00:00:00,
-79.4,43.666666666666664,,2017,,,,,0,1,TORONTO,,23,,6158350.2017.1.23,6158350,,,,,,,,ON,,,,0,0,,,0,,,2017-01-23 00:00:00,
-79.4,43.666666666666664,,2017,,,,,0,1,TORONTO,,24,,6158350.2017.1.24,6158350,,,,,,,,ON,,,,0.6,0,,,0.6,,,2017-01-24 00:00:00,
-79.4,43.666666666666664,,2017,,,,,0,1,TORONTO,,25,,6158350.2017.1.25,6158350,,,,,,,,ON,,,,2.2,0,,,2.2,,,2017-01-25 00:00:00,
-79.4,43.666666666666664,,2017,,,,,0,1,TORONTO,,26,,6158350.2017.1.26,6158350,,,,,,,,ON,,,,0,0,,,0,,,2017-01-26 00:00:00,
-79.4,43.666666666666664,,2017,,,,,0,1,TORONTO,,27,,6158350.2017.1.27,6158350,,,,,,,,ON,,,,0,0,,,0,,,2017-01-27 00:00:00,
-79.4,43.666666666666664,,2017,,,,,0,1,TORONTO,,28,,6158350.2017.1.28,6158350,,,,,,,,ON,,,,0,0.6,,,0.6,,,2017-01-28 00:00:00,
-79.4,43.666666666666664,,2017,,,,,0,1,TORONTO,,29,,6158350.2017.1.29,6158350,T,,,,,,,ON,,,,0,0,,,0,,,2017-01-29 00:00:00,
-79.4,43.666666666666664,,2017,,,,,0,1,TORONTO,,30,,6158350.2017.1.30,6158350,,,,,,,,ON,,,,0,0,,,0,,,2017-01-30 00:00:00,
-79.4,43.666666666666664,,2017,,,,,0,1,TORONTO,T,31,,6158350.2017.1.31,6158350,,,,,,,,ON,,,,0,0,,,0.4,,,2017-01-31 00:00:00,
-79.4,43.666666666666664,,2017,,,,,0,2,TORONTO,,1,,6158350.2017.2.1,6158350,T,,,,,,,ON,,,,0,0,,,0,,,2017-02-01 00:00:00,
-79.4,43.666666666666664,,2017,,,,,0,2,TORONTO,,2,,6158350.2017.2.2,6158350,,,,,,,,ON,,,,0,0,,,0,,,2017-02-02 00:00:00,
-79.4,43.666666666666664,,2017,,,,,0,2,TORONTO,,3,,6158350.2017.2.3,6158350,,,,,,,,ON,,,,0,0,,,0,,,2017-02-03 00:00:00,
-79.4,43.666666666666664,,2017,,,,,0,2,TORONTO,,4,,6158350.2017.2.4,6158350,,,,,,,,ON,,,,0,0,,,0,,,2017-02-04 00:00:00,
-79.4,43.666666666666664,,2017,,,,,0,2,TORONTO,,5,,6158350.2017.2.5,6158350,,,,,,,,ON,,,,0,0.8,,,0.8,,,2017-02-05 00:00:00,
-79.4,43.666666666666664,,2017,,,,,0,2,TORONTO,,6,,6158350.2017.2.6,6158350,T,,,,,,,ON,,,,0,0,,,0,,,2017-02-06 00:00:00,
-79.4,43.666666666666664,,2017,,,,,0,2,TORONTO,,7,,6158350.2017.2.7,6158350,T,,,,,,,ON,,,,15.4,0,,,15.4,,,2017-02-07 00:00:00,
-79.4,43.666666666666664,,2017,,,,,0,2,TORONTO,,8,,6158350.2017.2.8,6158350,,,,,,,,ON,,,,0,0,,,0,,,2017-02-08 00:00:00,
-79.4,43.666666666666664,,2017,,,,,0,2,TORONTO,,9,,6158350.2017.2.9,6158350,T,,,,,,,ON,,,,0,0,,,0,,,2017-02-09 00:00:00,
-79.4,43.666666666666664,,2017,,,,,0,2,TORONTO,,10,,6158350.2017.2.10,6158350,T,,,,,,,ON,,,,0,6,,,5,,,2017-02-10 00:00:00,
-79.4,43.666666666666664,,2017,,,,,7,2,TORONTO,,11,,6158350.2017.2.11,6158350,,,,,,,,ON,,,,0,9.6,,,9.8,,,2017-02-11 00:00:00,
-79.4,43.666666666666664,,2017,,,,,12,2,TORONTO,,12,,6158350.2017.2.12,6158350,,,,,,,,ON,,,,0,7.2,,,6.8,,,2017-02-12 00:00:00,
-79.4,43.666666666666664,,2017,,,,,15,2,TORONTO,,13,,6158350.2017.2.13,6158350,,,,,,,,ON,,,,0,0,,,0,,,2017-02-13 00:00:00,
-79.4,43.666666666666664,,2017,,,,,10,2,TORONTO,,14,,6158350.2017.2.14,6158350,,,,,,,,ON,,,,0,0,,,0,,,2017-02-14 00:00:00,
-79.4,43.666666666666664,,2017,,,,,4,2,TORONTO,,15,,6158350.2017.2.15,6158350,,,,,,,,ON,,,,0,0,,,0,,,2017-02-15 00:00:00,
-79.4,43.666666666666664,,2017,,,,,0,2,TORONTO,,16,,6158350.2017.2.16,6158350,T,,,,,,,ON,,,,0,0,,,0,,,2017-02-16 00:00:00,
-79.4,43.666666666666664,,2017,,,,,0,2,TORONTO,,17,,6158350.2017.2.17,6158350,,,,,,,,ON,,,,0,0,,,0,,,2017-02-17 00:00:00,
-79.4,43.666666666666664,,2017,,,,,0,2,TORONTO,,18,,6158350.2017.2.18,6158350,,,,,,,,ON,,,,0,0,,,0,,,2017-02-18 00:00:00,
-79.4,43.666666666666664,,2017,,,,,0,2,TORONTO,,19,,6158350.2017.2.19,6158350,,,,,,,,ON,,,,0,0,,,0,,,2017-02-19 00:00:00,
-79.4,43.666666666666664,,2017,,,,,0,2,TORONTO,,20,,6158350.2017.2.20,6158350,,,,,,,,ON,,,,0,0,,,0,,,2017-02-20 00:00:00,
-79.4,43.666666666666664,,2017,,,,,0,2,TORONTO,,21,,6158350.2017.2.21,6158350,,,,,,,,ON,,,,1.4,0,,,1.4,,,2017-02-21 00:00:00,
-79.4,43.666666666666664,,2017,,,,,0,2,TORONTO,,22,,6158350.2017.2.22,6158350,,,,,,,,ON,,,,0,0,,,0,,,2017-02-22 00:00:00,
-79.4,43.666666666666664,,2017,,,,,0,2,TORONTO,,23,,6158350.2017.2.23,6158350,,,,,,,,ON,,,,2,0,,,2,,,2017-02-23 00:00:00,
-79.4,43.666666666666664,,2017,,,,,0,2,TORONTO,,24,,6158350.2017.2.24,6158350,,,,,,,,ON,,,,16.6,0,,,16.6,,,2017-02-24 00:00:00,
-79.4,43.666666666666664,,2017,,,,,0,2,TORONTO,,25,,6158350.2017.2.25,6158350,,,,,,,,ON,,,,0,0,,,0,,,2017-02-25 00:00:00,
-79.4,43.666666666666664,,2017,,,,,0,2,TORONTO,,26,,6158350.2017.2.26,6158350,,,,,,,,ON,,,,0,0,,,0,,,2017-02-26 00:00:00,
-79.4,43.666666666666664,,2017,,,,,0,2,TORONTO,,27,,6158350.2017.2.27,6158350,,,,,,,,ON,,,,3.2,0,,,3.2,,,2017-02-27 00:00:00,
-79.4,43.666666666666664,,2017,,,,,0,2,TORONTO,,28,,6158350.2017.2.28,6158350,,,,,,,,ON,,,,15.2,0,,,15.2,,,2017-02-28 00:00:00,
-79.4,43.666666666666664,,2017,,,,,0,3,TORONTO,,1,,6158350.2017.3.1,6158350,,,,,,,,ON,,,,4.6,0,,,4.6,,,2017-03-01 00:00:00,
-79.4,43.666666666666664,,2017,,,,,0,3,TORONTO,,2,,6158350.2017.3.2,6158350,,,,,,T,,ON,T,,,0,0,,,0,,,2017-03-02 00:00:00,
-79.4,43.666666666666664,,2017,,,,,0,3,TORONTO,T,3,,6158350.2017.3.3,6158350,,,,,,,,ON,,,,0,0,,,0,,,2017-03-03 00:00:00,
-79.4,43.666666666666664,,2017,,,,,0,3,TORONTO,,4,,6158350.2017.3.4,6158350,T,,,,,,,ON,,,,0,0,,,0,,,2017-03-04 00:00:00,
-79.4,43.666666666666664,,2017,,,,,0,3,TORONTO,,5,,6158350.2017.3.5,6158350,,,,,,,,ON,,,,0,0,,,0,,,2017-03-05 00:00:00,
-79.4,43.666666666666664,,2017,,,,,0,3,TORONTO,,6,,6158350.2017.3.6,6158350,,,,,,,,ON,,,,0.4,0,,,0.4,,,2017-03-06 00:00:00,
-79.4,43.666666666666664,,2017,,,,,0,3,TORONTO,,7,,6158350.2017.3.7,6158350,,,,,,,,ON,,,,0,0,,,0,,,2017-03-07 00:00:00,
-79.4,43.666666666666664,,2017,,,,,0,3,TORONTO,,8,,6158350.2017.3.8,6158350,,,,,,,,ON,,,,0,0,,,0,,,2017-03-08 00:00:00,
-79.4,43.666666666666664,,2017,,,,,0,3,TORONTO,,9,,6158350.2017.3.9,6158350,,,,,,,,ON,,,,0,0,,,0,,,2017-03-09 00:00:00,
-79.4,43.666666666666664,,2017,,,,,0,3,TORONTO,T,10,,6158350.2017.3.10,6158350,,,,,,,,ON,,,,0,0,,,0,,,2017-03-10 00:00:00,
-79.4,43.666666666666664,,2017,,,,,0,3,TORONTO,,11,,6158350.2017.3.11,6158350,T,,,,,,,ON,,,,0,0,,,0,,,2017-03-11 00:00:00,
-79.4,43.666666666666664,,2017,,,,,0,3,TORONTO,,12,,6158350.2017.3.12,6158350,,,,,,,,ON,,,,0,0,,,0,,,2017-03-12 00:00:00,
-79.4,43.666666666666664,,2017,,,,,0,3,TORONTO,,13,,6158350.2017.3.13,6158350,,,,,,,,ON,,,,0,1.6,,,2.6,,,2017-03-13 00:00:00,
-79.4,43.666666666666664,,2017,,,,,1,3,TORONTO,,14,,6158350.2017.3.14,6158350,,,,,,,,ON,,,,0,1.6,,,2,,,2017-03-14 00:00:00,
-79.4,43.666666666666664,,2017,,,,,2,3,TORONTO,,15,,6158350.2017.3.15,6158350,,,,,,,,ON,,,,0,0,,,0,,,2017-03-15 00:00:00,
-79.4,43.666666666666664,,2017,,,,,0,3,TORONTO,,16,,6158350.2017.3.16,6158350,T,,,,,,,ON,,,,0,0,,,0,,,2017-03-16 00:00:00,
-79.4,43.666666666666664,,2017,,,,,0,3,TORONTO,,17,,6158350.2017.3.17,6158350,T,,,,,,,ON,,,,0,0,,,0,,,2017-03-17 00:00:00,
-79.4,43.666666666666664,,2017,,,,,0,3,TORONTO,,18,,6158350.2017.3.18,6158350,,,,,,T,,ON,T,,,0,0,,,0,,,2017-03-18 00:00:00,
-79.4,43.666666666666664,,2017,,,,,0,3,TORONTO,,19,,6158350.2017.3.19,6158350,,,,,,,,ON,,,,0,0,,,0,,,2017-03-19 00:00:00,
-79.4,43.666666666666664,,2017,,,,,0,3,TORONTO,,20,,6158350.2017.3.20,6158350,,,,,,,,ON,,,,0,0,,,0,,,2017-03-20 00:00:00,
-79.4,43.666666666666664,,2017,,,,,0,3,TORONTO,,21,,6158350.2017.3.21,6158350,,,,,,,,ON,,,,0,0,,,0,,,2017-03-21 00:00:00,
-79.4,43.666666666666664,,2017,,,,,0,3,TORONTO,,22,,6158350.2017.3.22,6158350,,,,,,,,ON,,,,2,0,,,2,,,2017-03-22 00:00:00,
-79.4,43.666666666666664,,2017,,,,,0,3,TORONTO,,23,,6158350.2017.3.23,6158350,,,,,,,,ON,,,,9.4,0,,,9.4,,,2017-03-23 00:00:00,
-79.4,43.666666666666664,,2017,,,,,0,3,TORONTO,,24,,6158350.2017.3.24,6158350,,,,,,,,ON,,,,4.2,0,,,4.2,,,2017-03-24 00:00:00,
-79.4,43.666666666666664,,2017,,,,,0,3,TORONTO,,25,,6158350.2017.3.25,6158350,,,,,,T,,ON,T,,,0,0,,,0,,,2017-03-25 00:00:00,
-79.4,43.666666666666664,,2017,,,,,0,3,TORONTO,,26,,6158350.2017.3.26,6158350,,,,,,,,ON,,,,4.5,0,,,4.5,,,2017-03-26 00:00:00,
-79.4,43.666666666666664,,2017,,,,,0,3,TORONTO,,27,,6158350.2017.3.27,6158350,,,,,,T,,ON,T,,,0,0,,,0,,,2017-03-27 00:00:00,
-79.4,43.666666666666664,,2017,,,,,0,3,TORONTO,,28,,6158350.2017.3.28,6158350,,,,,,,,ON,,,,0,0,,,0,,,2017-03-28 00:00:00,
-79.4,43.666666666666664,,2017,,,,,0,3,TORONTO,,29,,6158350.2017.3.29,6158350,,,,,,,,ON,,,,0,0,,,0,,,2017-03-29 00:00:00,
-79.4,43.666666666666664,,2017,,,,,0,3,TORONTO,,30,,6158350.2017.3.30,6158350,,,,,,,,ON,,,,11.2,1.8,,,13,,,2017-03-30 00:00:00,
-79.4,43.666666666666664,,2017,,,,,0,3,TORONTO,,31,,6158350.2017.3.31,6158350,,,,,,,,ON,,,,5,0,,,5,,,2017-03-31 00:00:00,
-79.4,43.666666666666664,,2017,,,,,0,4,TORONTO,,1,,6158350.2017.4.1,6158350,,,,,,,,ON,,,,0,0,,,0,,,2017-04-01 00:00:00,
-79.4,43.666666666666664,,2017,,,,,0,4,TORONTO,,2,,6158350.2017.4.2,6158350,,,,,,,,ON,,,,4.2,0,,,4.2,,,2017-04-02 00:00:00,
-79.4,43.666666666666664,,2017,,,,,0,4,TORONTO,,3,,6158350.2017.4.3,6158350,,,,,,,,ON,,,,9.6,0,,,9.6,,,2017-04-03 00:00:00,
-79.4,43.666666666666664,,2017,,,,,0,4,TORONTO,,4,,6158350.2017.4.4,6158350,,,,,,,,ON,,,,4,0,,,4,,,2017-04-04 00:00:00,
-79.4,43.666666666666664,,2017,,,,,0,4,TORONTO,,5,,6158350.2017.4.5,6158350,,,,,,,,ON,,,,20.2,0,,,20.2,,,2017-04-05 00:00:00,
-79.4,43.666666666666664,,2017,,,,,0,4,TORONTO,T,6,,6158350.2017.4.6,6158350,,,,,,,,ON,,,,7.6,0,,,7.6,,,2017-04-06 00:00:00,
-79.4,43.666666666666664,,2017,,,,,0,4,TORONTO,,7,,6158350.2017.4.7,6158350,T,,,,,,,ON,,,,0,0,,,0,,,2017-04-07 00:00:00,
-79.4,43.666666666666664,,2017,,,,,0,4,TORONTO,,8,,6158350.2017.4.8,6158350,,,,,,,,ON,,,,0,0,,,0,,,2017-04-08 00:00:00,
-79.4,43.666666666666664,,2017,,,,,0,4,TORONTO,,9,,6158350.2017.4.9,6158350,,,,,,,,ON,,,,0,0,,,0,,,2017-04-09 00:00:00,
-79.4,43.666666666666664,,2017,,,,,0,4,TORONTO,,10,,6158350.2017.4.10,6158350,,,,,,,,ON,,,,4.9,0,,,4.9,,,2017-04-10 00:00:00,
-79.4,43.666666666666664,,2017,,,,,0,4,TORONTO,,11,,6158350.2017.4.11,6158350,,,,,,,,ON,,,,1,0,,,1,,,2017-04-11 00:00:00,
-79.4,43.666666666666664,,2017,,,,,0,4,TORONTO,,12,,6158350.2017.4.12,6158350,,,,,,,,ON,,,,0,0,,,0,,,2017-04-12 00:00:00,
-79.4,43.666666666666664,,2017,,,,,0,4,TORONTO,,13,,6158350.2017.4.13,6158350,,,,,,,,ON,,,,0,0,,,0,,,2017-04-13 00:00:00,
-79.4,43.666666666666664,,2017,,,,,0,4,TORONTO,,14,,6158350.2017.4.14,6158350,,,,,,,,ON,,,,0,0,,,0,,,2017-04-14 00:00:00,
-79.4,43.666666666666664,,2017,,,,,0,4,TORONTO,,15,,6158350.2017.4.15,6158350,,,,,,,,ON,,,,5.6,0,,,5.6,,,2017-04-15 00:00:00,
-79.4,43.666666666666664,,2017,,,,,0,4,TORONTO,,16,,6158350.2017.4.16,6158350,,,,,,,,ON,,,,2.6,0,,,2.6,,,2017-04-16 00:00:00,
-79.4,43.666666666666664,,2017,,,,,0,4,TORONTO,,17,,6158350.2017.4.17,6158350,,,,,,,,ON,,,,0,0,,,0,,,2017-04-17 00:00:00,
-79.4,43.666666666666664,,2017,,,,,0,4,TORONTO,,18,,6158350.2017.4.18,6158350,,,,,,,,ON,,,,0,0,,,0,,,2017-04-18 00:00:00,
-79.4,43.666666666666664,,2017,,,,,0,4,TORONTO,,19,,6158350.2017.4.19,6158350,,,,,,,,ON,,,,19.6,0,,,19.6,,,2017-04-19 00:00:00,
-79.4,43.666666666666664,,2017,,,,,0,4,TORONTO,,20,,6158350.2017.4.20,6158350,,,,,,,,ON,,,,5.4,0,,,5.4,,,2017-04-20 00:00:00,
-79.4,43.666666666666664,,2017,,,,,0,4,TORONTO,,21,,6158350.2017.4.21,6158350,,,,,,,,ON,,,,0,0,,,0,,,2017-04-21 00:00:00,
-79.4,43.666666666666664,,2017,,,,,0,4,TORONTO,,22,,6158350.2017.4.22,6158350,,,,,,,,ON,,,,0,0,,,0,,,2017-04-22 00:00:00,
-79.4,43.666666666666664,,2017,,,,,0,4,TORONTO,,23,,6158350.2017.4.23,6158350,,,,,,,,ON,,,,0,0,,,0,,,2017-04-23 00:00:00,
-79.4,43.666666666666664,,2017,,,,,0,4,TORONTO,,24,,6158350.2017.4.24,6158350,,,,,,,,ON,,,,5,0,,,5,,,2017-04-24 00:00:00,
-79.4,43.666666666666664,,2017,,,,,0,4,TORONTO,,25,,6158350.2017.4.25,6158350,,,,,,,,ON,,,,0,0,,,0,,,2017-04-25 00:00:00,
-79.4,43.666666666666664,,2017,,,,,0,4,TORONTO,,26,,6158350.2017.4.26,6158350,,,,,,,,ON,,,,0,0,,,0,,,2017-04-26 00:00:00,
-79.4,43.666666666666664,,2017,,,,,0,4,TORONTO,,27,,6158350.2017.4.27,6158350,,,,,,,,ON,,,,5.6,0,,,5.6,,,2017-04-27 00:00:00,
